,n_missing,p_missing
amount,528,0.10057142857142858
status,519,0.09885714285714285
created_at,506,0.09638095238095239
quantity,499,0.09504761904761905
user_id,0,0.0
order_id,0,0.0
