country,orders,revenue,avg_order
AE,1366,318533.14,258.13058346839546
QA,1346,298958.94,245.24933552091878
KW,1300,289607.58,249.87711820534946
SA,1238,280165.88,252.4016936936937
